{
  "weights": [
    22.397535156699067,
    1.0894455022097937,
    17.28843508207409,
    17.120097146887495,
    28.607487856839747,
    2.736271889301819,
    6575.601481903231
  ],
  "best_cycle_time_days": 11.1248984274809,
  "n_calls": 30,
  "n_cases_per_call": 100
}